123.82945251464844, -4.812617301940918, -31.389902114868164
123.6011962890625, -4.69395112991333, -30.775392532348633
123.80358123779297, -4.744369983673096, -31.193857192993164
121.78530883789062, -4.438485145568848, -31.810396194458008
119.76679229736328, -4.132599830627441, -32.42718505859375
122.32601165771484, -4.701559543609619, -28.753068923950195
121.2451171875, -4.721848487854004, -27.1025447845459
117.24079132080078, -3.755626916885376, -33.09977340698242
120.1644515991211, -4.742112636566162, -25.452022552490234
118.67903900146484, -4.679621696472168, -23.365787506103516
114.71478271484375, -3.3786540031433105, -33.772361755371094
116.51443481445312, -3.9692721366882324, -29.04776954650879
116.27908325195312, -3.9373674392700195, -29.06805992126465
115.7221450805664, -3.6494128704071045, -28.450761795043945
114.9453125, -3.6227831840515137, -27.580354690551758
112.36454010009766, -2.9484469890594482, -34.318138122558594
114.29125213623047, -3.550198793411255, -26.828386306762695
113.703369140625, -3.475687026977539, -26.00464630126953
110.01454162597656, -2.518242835998535, -34.86417007446289
107.19206237792969, -3.5698299407958984, -17.77109146118164
105.11267852783203, -3.6499977111816406, -16.82698631286621
116.4347915649414, -4.458115577697754, -20.298723220825195
107.47509765625, -3.856034278869629, -17.237106323242188
114.9260482788086, -4.484567642211914, -18.40578842163086
113.41754913330078, -4.5109944343566895, -16.512832641601562
109.84588623046875, -4.3414530754089355, -14.988633155822754
107.54864501953125, -4.108380317687988, -17.8850154876709
113.78021240234375, -4.0896124839782715, -25.839799880981445
114.35313415527344, -4.1201982498168945, -26.624736785888672
115.0130386352539, -4.105716228485107, -27.42463493347168
115.76602172851562, -4.018752574920654, -28.27373695373535
117.55679321289062, -4.5688676834106445, -21.832256317138672
102.68836975097656, -3.279364824295044, -17.629295349121094
107.5377426147461, -2.0250275135040283, -35.497703552246094
100.56688690185547, -2.930340051651001, -18.524505615234375
105.06118774414062, -1.5318125486373901, -36.130977630615234
102.58438873291016, -1.038597583770752, -36.76450729370117
100.10758972167969, -0.5453826785087585, -37.39803695678711
97.63079071044922, -0.05216808617115021, -38.03156661987305
91.55442810058594, -1.276121973991394, -22.59799575805664
95.43600463867188, 0.27195194363594055, -38.64632797241211
89.79053497314453, -0.9286491274833679, -23.364164352416992
88.02639770507812, -0.5811765789985657, -24.130334854125977
93.240966796875, 0.5960716009140015, -39.26110076904297
91.79586791992188, 0.7538810968399048, -39.64760971069336
90.35077667236328, 0.9116877913475037, -40.03411865234375
88.83086395263672, 1.0119112730026245, -40.366859436035156
87.31119537353516, 1.11213219165802, -40.69960403442383
85.52448272705078, 1.1183077096939087, -41.18882369995117
79.4354476928711, 1.0200316905975342, -38.20326232910156
80.72608947753906, 0.5525304675102234, -31.57859230041504
85.49125671386719, -0.1885625123977661, -25.174137115478516
83.01876831054688, 0.1613013744354248, -27.058162689208984
82.64088439941406, 0.31281864643096924, -28.59430694580078
82.67156982421875, 0.3598287105560303, -29.391164779663086
84.0266342163086, -0.028317440301179886, -25.764223098754883
66.06285095214844, 0.5654944181442261, -22.08782196044922
65.51148986816406, 0.5654942393302917, -20.03719711303711
68.57870483398438, 0.5134882926940918, -23.842178344726562
69.9644546508789, 0.458410382270813, -18.382888793945312
72.68168640136719, 0.4603685438632965, -21.9007568359375
71.7661361694336, 0.3723842203617096, -18.454761505126953
74.18866729736328, 0.4193843603134155, -21.689647674560547
74.0339584350586, 0.29837679862976074, -18.012432098388672
75.69589233398438, 0.3784002363681793, -21.47856330871582
76.2645034790039, 0.052976563572883606, -17.62019157409668
78.49530029296875, -0.19242317974567413, -17.227951049804688
80.46765899658203, -0.39155957102775574, -16.781742095947266
82.44027709960938, -0.590695321559906, -16.33553123474121
85.05073547363281, -0.4179146885871887, -21.554115295410156
84.01978302001953, -0.9003335237503052, -15.911360740661621
86.56303405761719, -0.6755622625350952, -21.04267692565918
88.07559967041016, -0.9332093000411987, -20.531211853027344
90.41012573242188, -1.384955883026123, -19.52897834777832
92.74464416503906, -1.8367042541503906, -18.52671241760254
88.81184387207031, -1.9632817506790161, -13.033797264099121
91.78521728515625, -2.516129493713379, -11.594560623168945
93.77989959716797, -2.7806320190429688, -11.075462341308594
97.28942108154297, -2.584689140319824, -16.62404441833496
95.77457427978516, -3.045151948928833, -10.55636215209961
97.8184585571289, -3.3075671195983887, -10.030035972595215
99.86209106445312, -3.5699822902679443, -9.503731727600098
101.83419799804688, -3.3326497077941895, -14.721373558044434
101.71068572998047, -3.7824859619140625, -9.18298625946045
103.81771850585938, -3.65004825592041, -13.833367347717285
103.55928802490234, -3.9949896335601807, -8.862263679504395
106.873779296875, -4.146499156951904, -12.243966102600098
107.57247924804688, -4.360879898071289, -9.727699279785156
107.4854965209961, -4.291186332702637, -11.629000663757324
68.69561767578125, 0.4597240388393402, -17.89972496032715
74.77552795410156, 0.7163960933685303, -32.7624626159668
78.48413848876953, 0.8828438520431519, -36.03764724731445
71.59672546386719, 0.7148967385292053, -24.628231048583984
70.20006561279297, 0.5412033200263977, -23.058128356933594
75.28453063964844, 0.39578065276145935, -23.636926651000977
77.02509307861328, 0.2857319712638855, -23.184782028198242
77.58203125, 0.295039564371109, -21.958961486816406
78.7002182006836, 0.18792852759361267, -22.962085723876953
79.18766784667969, 0.16379961371421814, -22.869260787963867
70.16938018798828, 0.5976783633232117, -25.01859474182129
68.88862609863281, 0.567343533039093, -25.349689483642578
80.40907287597656, 0.46435606479644775, -30.70235252380371
77.53257751464844, 0.7456532716751099, -33.872283935546875
78.89448547363281, 0.4244217872619629, -28.97295379638672
76.58126831054688, 0.6084651947021484, -31.706920623779297
77.78999328613281, 0.4229964315891266, -28.589235305786133
76.9644775390625, 0.4261767864227295, -28.491086959838867
75.83741760253906, 0.47895655035972595, -29.34348487854004
76.1764907836914, 0.4472750127315521, -28.73937225341797
83.7377700805664, 1.124485731124878, -41.67804718017578
82.37433624267578, 1.1300932168960571, -42.08535385131836
80.38700866699219, 1.1572225093841553, -40.36863327026367
80.80522155761719, 1.1276994943618774, -42.50711441040039
73.98095703125, 0.7160206437110901, -30.728729248046875
73.18612670898438, 0.7156451940536499, -28.69524383544922
76.30152893066406, 0.5681631565093994, -31.070600509643555
76.71441650390625, 0.6660688519477844, -31.873292922973633
72.39154815673828, 0.7152721881866455, -26.661762237548828
74.52749633789062, 0.5416623950004578, -23.927621841430664
73.0621109008789, 0.6282795667648315, -24.277938842773438
79.7524642944336, 0.44444477558135986, -29.658981323242188
83.2802505493164, 0.4684620797634125, -30.640472412109375
80.95307922363281, 0.05653141066431999, -22.641082763671875
83.42581939697266, -0.16691802442073822, -22.112043380737305
93.31857299804688, -1.6235947608947754, -21.831823348999023
95.7347640991211, -2.0591728687286377, -20.729387283325195
95.01702880859375, -2.2106924057006836, -17.57537841796875
98.15095520019531, -2.494751453399658, -19.626949310302734
99.56180572509766, -2.958669662475586, -15.672708511352539
104.80960083007812, -3.628364086151123, -16.734086990356445
106.20930480957031, -3.8387629985809326, -16.234619140625
105.80149841308594, -3.9674220085144043, -12.945338249206543
107.60900115966797, -4.049161434173584, -15.735148429870605
109.82229614257812, -4.512312889099121, -12.381830215454102
111.70056915283203, -4.560677528381348, -14.331518173217773
111.31153106689453, -4.484745025634766, -14.853076934814453
112.19385528564453, -4.568742752075195, -14.974177360534668
108.15757751464844, -4.4916181564331055, -10.234220504760742
58.33089065551758, -2.056422472000122, -36.83171463012695
57.760765075683594, -2.009612798690796, -35.582916259765625
59.427268981933594, -1.1323107481002808, -37.522308349609375
60.02022171020508, -1.952150583267212, -39.988468170166016
60.77700424194336, -1.952817678451538, -41.451316833496094
62.26597595214844, -1.167070746421814, -42.822105407714844
57.19063949584961, -1.9628032445907593, -34.3338623046875
57.37983703613281, -1.252271056175232, -33.69297790527344
56.18708419799805, -1.2750688791275024, -31.488811492919922
60.058265686035156, -0.6883130669593811, -30.836008071899414
56.775978088378906, -1.2659993171691895, -32.583412170410156
61.05598068237305, -0.6420180797576904, -31.984630584716797
58.46454620361328, -1.1890976428985596, -35.78098678588867
62.110260009765625, -0.6108590364456177, -32.83347702026367
63.85259246826172, -0.6253629922866821, -35.073909759521484
60.35626220703125, -1.1530485153198242, -39.32221984863281
65.14070129394531, -0.7187133431434631, -37.91135025024414
61.31137466430664, -1.148310899734497, -41.29077911376953
65.74024963378906, -0.7664003968238831, -39.356964111328125
65.837890625, -0.5428538918495178, -41.47236633300781
62.326087951660156, -0.20465902984142303, -29.84259796142578
59.060794830322266, -0.7346079349517822, -29.68738555908203
58.04963302612305, -0.8036597967147827, -28.5955753326416
54.48381042480469, -1.6671242713928223, -29.44442367553711
57.03847122192383, -0.8727140426635742, -27.503509521484375
53.26062774658203, -1.6633938550949097, -27.719335556030273
50.60248947143555, -2.7662248611450195, -32.04220199584961
51.778499603271484, -2.767594337463379, -33.40233612060547
55.802101135253906, -1.744803547859192, -31.442909240722656
55.91014099121094, -1.744803547859192, -32.54587936401367
52.95425796508789, -2.7689385414123535, -34.76272201538086
54.47645568847656, -2.7624967098236084, -36.6765022277832
55.998653411865234, -2.756054162979126, -38.59027862548828
59.263179779052734, -1.9514838457107544, -38.52560806274414
57.0742301940918, -2.753492832183838, -40.481746673583984
58.14981460571289, -2.7509312629699707, -42.37295150756836
61.28981399536133, -1.9328733682632446, -42.446754455566406
59.22539138793945, -2.748394727706909, -44.264156341552734
61.50513458251953, -1.9550014734268188, -42.85329818725586
61.25380325317383, -2.267923355102539, -44.255027770996094
59.824180603027344, -2.7152724266052246, -45.82388687133789
60.4229621887207, -2.682150363922119, -47.38361740112305
55.43917465209961, -3.9246597290039062, -47.4178581237793
56.91191864013672, -3.6540520191192627, -48.67401123046875
56.56725311279297, -3.7140822410583496, -48.81476974487305
53.66767883300781, -4.377336025238037, -49.07802200317383
54.69050598144531, -3.936706781387329, -45.8396110534668
49.873348236083984, -5.0100812911987305, -47.41735076904297
51.284969329833984, -4.856566429138184, -48.780784606933594
53.94157791137695, -3.9487533569335938, -44.26136779785156
53.127479553222656, -3.894986867904663, -42.704933166503906
52.3131217956543, -3.8412208557128906, -41.14824676513672
51.49876403808594, -3.78745436668396, -39.59156036376953
48.20405578613281, -4.438128471374512, -41.06785202026367
50.1074333190918, -3.7917659282684326, -38.014827728271484
48.71635818481445, -3.7960774898529053, -36.43810272216797
47.400604248046875, -3.7827627658843994, -34.77008056640625
45.44498062133789, -4.2527360916137695, -35.7713508605957
46.08510208129883, -3.769423723220825, -33.102054595947266
44.55554962158203, -3.809215784072876, -31.178895950317383
43.0260009765625, -3.8490333557128906, -29.255735397338867
44.260345458984375, -3.4142866134643555, -28.329788208007812
45.87586975097656, -2.9807074069976807, -27.608505249023438
48.09956741333008, -2.8076913356781006, -29.141862869262695
49.42673110961914, -2.764880657196045, -30.682064056396484
52.23044204711914, -1.7028536796569824, -26.86262321472168
48.43712615966797, -2.3186404705047607, -26.712486267089844
46.77239990234375, -2.850501537322998, -27.601404190063477
46.64711380004883, -2.7736563682556152, -27.263843536376953
51.200008392333984, -1.7423136234283447, -26.00591468811035
51.297142028808594, -1.6763941049575806, -25.46952247619629
53.293853759765625, -1.3310447931289673, -24.720319747924805
56.004486083984375, -0.9157426357269287, -25.254837036132812
58.40393829345703, -0.44597455859184265, -22.96413803100586
63.11787033081055, 0.30774572491645813, -21.872833251953125
65.67253112792969, 0.391147255897522, -25.094070434570312
66.34410095214844, 0.5256337523460388, -22.73963737487793
66.95735168457031, 0.4857759177684784, -24.62622833251953
65.73086547851562, 0.5654942393302917, -20.853023529052734
54.491676330566406, -1.116884469985962, -24.35633087158203
29.9224853515625, -12.527708053588867, -35.54994583129883
28.723142623901367, -12.904173851013184, -34.44748306274414
29.716550827026367, -12.411958694458008, -33.986915588378906
29.516956329345703, -12.890579223632812, -35.82815933227539
30.528371810913086, -12.602625846862793, -37.34198760986328
30.309755325317383, -12.86336612701416, -37.70313262939453
31.79517936706543, -12.73130989074707, -38.506587982177734
31.40892219543457, -12.905365943908691, -39.386131286621094
32.49287033081055, -12.688118934631348, -39.7485466003418
31.846914291381836, -12.916775703430176, -40.86343765258789
33.19056701660156, -12.64490032196045, -40.99049758911133
33.2623405456543, -12.64490032196045, -41.724205017089844
32.284908294677734, -12.92818832397461, -42.34074401855469
32.709205627441406, -12.94931411743164, -43.4934196472168
34.068328857421875, -12.62331771850586, -43.017642974853516
33.269691467285156, -12.95679759979248, -44.96895217895508
34.92909622192383, -12.549720764160156, -44.4213981628418
33.71427917480469, -12.96082878112793, -45.77189636230469
35.31104278564453, -12.566888809204102, -45.95881271362305
34.633888244628906, -12.8990478515625, -47.248443603515625
36.74827575683594, -12.374115943908691, -47.9504508972168
35.01557922363281, -12.931562423706055, -48.547454833984375
37.92403030395508, -11.81317138671875, -49.547462463378906
34.99300765991211, -12.912109375, -50.46909713745117
35.102821350097656, -12.970466613769531, -51.863975524902344
39.099788665771484, -11.252226829528809, -51.14472961425781
35.38484191894531, -13.041197776794434, -54.05165100097656
39.848716735839844, -11.168761253356934, -52.20204162597656
38.27123260498047, -11.788138389587402, -55.514244079589844
39.41706085205078, -11.380453109741211, -55.14219665527344
40.59789276123047, -11.085297584533691, -53.259361267089844
41.3856201171875, -11.080656051635742, -54.457435607910156
42.44877624511719, -10.567187309265137, -54.06179428100586
43.37294387817383, -8.416303634643555, -51.41558837890625
43.796993255615234, -9.787144660949707, -53.47264862060547
43.994808197021484, -8.560458183288574, -52.00852966308594
44.65420913696289, -8.888687133789062, -52.523624420166016
45.145206451416016, -9.007099151611328, -52.88350296020508
46.33415222167969, -7.696671962738037, -52.4368896484375
43.35316467285156, -8.52267074584961, -49.80133056640625
43.277587890625, -8.251225471496582, -50.9463996887207
42.55732345581055, -8.387442588806152, -47.867008209228516
41.76173400878906, -8.252214431762695, -45.93243408203125
40.96588897705078, -8.116988182067871, -43.99811553955078
40.1702995300293, -7.981759548187256, -42.06354522705078
39.074684143066406, -8.035300254821777, -40.437618255615234
37.97932052612305, -8.088838577270508, -38.811683654785156
37.59484100341797, -7.592286109924316, -36.60346221923828
37.21036148071289, -7.09570837020874, -34.394981384277344
36.82588195800781, -6.599130630493164, -32.18675994873047
35.624000549316406, -6.656447887420654, -30.585941314697266
28.771581649780273, -12.55350112915039, -32.63996887207031
27.92932891845703, -12.917742729187012, -33.067054748535156
27.40282440185547, -12.902169227600098, -31.797462463378906
28.49919891357422, -12.436456680297852, -31.2164306640625
27.271451950073242, -12.901205062866211, -31.328022003173828
33.27730178833008, -7.38214111328125, -29.369098663330078
34.42186737060547, -6.713764667510986, -28.985124588012695
34.94380569458008, -6.569990158081055, -28.828136444091797
36.29734802246094, -5.797430038452148, -28.472572326660156
38.225582122802734, -5.142317771911621, -29.644018173217773
38.8005256652832, -5.25974178314209, -31.171031951904297
40.01686096191406, -5.004325866699219, -32.67496871948242
40.88067626953125, -5.112034797668457, -34.542335510253906
41.744232177734375, -5.219770431518555, -36.409698486328125
42.904266357421875, -5.2911882400512695, -38.45535659790039
43.77137756347656, -5.4822869300842285, -40.26363754272461
44.45613479614258, -5.511350631713867, -41.71076583862305
44.98035430908203, -5.505518436431885, -43.83656311035156
46.21063995361328, -5.384239196777344, -45.08967590332031
47.44092559814453, -5.262960910797119, -46.343040466308594
48.733097076416016, -5.203436851501465, -48.384891510009766
47.52309799194336, -6.386245250701904, -51.99052429199219
48.70976257324219, -5.771939277648926, -51.4855842590332
49.77748107910156, -5.152713775634766, -49.74020767211914
49.89667892456055, -5.1576337814331055, -50.98064041137695
50.206851959228516, -5.158445358276367, -51.012847900390625
51.432823181152344, -4.764123916625977, -50.48355484008789
53.57206726074219, -4.332877159118652, -49.91621398925781
52.54568862915039, -4.566684722900391, -48.46554183959961
50.238807678222656, -5.039525032043457, -48.74908447265625
49.79396438598633, -5.074879169464111, -47.75389862060547
50.049861907958984, -4.7283148765563965, -45.80867004394531
49.575096130371094, -4.615455627441406, -44.300933837890625
49.1003303527832, -4.502597808837891, -42.793190002441406
47.307777404785156, -4.373659133911133, -39.34251022338867
46.126190185546875, -4.299020767211914, -37.17231750488281
44.76402282714844, -4.206451892852783, -34.370384216308594
43.814998626708984, -4.215024471282959, -32.96916198730469
42.865970611572266, -4.22357177734375, -31.56793975830078
39.678287506103516, -4.004524230957031, -27.539268493652344
41.90375518798828, -3.557579278945923, -27.119789123535156
45.73841094970703, -2.6417768001556396, -26.27271842956543
47.347599029541016, -2.1728906631469727, -25.844871520996094
49.0356559753418, -1.8857935667037964, -25.351110458374023
50.22713851928711, -1.8636175394058228, -26.1611270904541
50.20558166503906, -1.7414004802703857, -25.143449783325195
50.98544692993164, -1.7421181201934814, -25.819765090942383
51.4305419921875, -1.5416083335876465, -24.77033233642578
55.56446075439453, -3.973581075668335, -49.05215072631836
55.7113037109375, -3.9016051292419434, -49.348880767822266
57.95706558227539, -3.34464168548584, -48.718902587890625
58.25962448120117, -3.334548234939575, -48.29612731933594
60.202823638916016, -2.787679672241211, -48.089176177978516
62.448585510253906, -2.2307255268096924, -47.459197998046875
61.627376556396484, -2.343259572982788, -46.38285446166992
62.00145721435547, -2.156771659851074, -46.25605010986328
62.20866012573242, -1.9055029153823853, -45.192893981933594
62.31163024902344, -1.6473864316940308, -44.430782318115234
61.95707702636719, -1.9223401546478271, -44.037174224853516
36.34071731567383, -13.006756782531738, -55.89263916015625
36.11525344848633, -13.106757164001465, -55.98977279663086
34.9942741394043, -13.054410934448242, -53.1360969543457
77.95966339111328, 0.6646242737770081, -43.492408752441406
79.45598602294922, 1.0356547832489014, -40.3262825012207
76.52420806884766, 0.6044993996620178, -41.42417907714844
75.11410522460938, 0.20154568552970886, -44.47795486450195
73.5921630859375, 0.17334531247615814, -42.52207946777344
72.26854705810547, -0.261531263589859, -45.4635009765625
70.66036987304688, -0.2578083276748657, -43.61972427368164
68.99082946777344, -0.4504387676715851, -45.95779800415039
65.71971130371094, -1.3405836820602417, -46.70849609375
64.30631256103516, -0.8606789112091064, -41.65167236328125
62.61394119262695, -1.4967396259307861, -44.301185607910156
62.48434066772461, -1.2152066230773926, -43.15484619140625
63.01820373535156, -1.0987112522125244, -42.645843505859375
69.5102310180664, -0.10727814584970474, -40.28697204589844
68.3600845336914, 0.04325311630964279, -36.95420837402344
64.54090881347656, -0.6710261702537537, -36.465492248535156
67.20994567871094, 0.19378437101840973, -33.621456146240234
63.164283752441406, -0.5796996355056763, -33.68232727050781
66.06005859375, 0.34431517124176025, -30.288707733154297
62.487388610839844, -0.35036876797676086, -31.37671661376953
62.1650390625, -0.05894956737756729, -28.3082275390625
64.909912109375, 0.4948478937149048, -26.955955505371094
62.670753479003906, 0.06473369151353836, -27.056894302368164
64.38772583007812, 0.2965184152126312, -25.561838150024414
66.8992691040039, 0.5310944318771362, -26.152755737304688
101.73148345947266, -4.310639381408691, -4.010258674621582
100.92676544189453, -4.015787124633789, -5.923225402832031
98.83088684082031, -3.9851248264312744, -3.564276933670044
103.1519775390625, -4.337599277496338, -5.311354160308838
100.05889892578125, -4.280333042144775, -2.3249785900115967
100.31098937988281, -4.283680438995361, -2.709139585494995
98.8902359008789, -4.256721019744873, -1.4080519676208496
96.5929946899414, -3.6495165824890137, -3.90736722946167
97.60289001464844, -3.68991756439209, -4.803565979003906
98.55977630615234, -3.752256393432617, -5.734891414642334
99.51641082763672, -3.81462025642395, -6.666214466094971
98.45401763916016, -3.6797213554382324, -7.380621910095215
96.50778198242188, -3.5258796215057373, -5.332987308502197
97.3916244506836, -3.544848918914795, -8.095054626464844
95.41242218017578, -3.361841917037964, -5.86240816116333
96.3066635131836, -3.3714776039123535, -8.710095405578613
93.68099212646484, -3.0972959995269775, -6.743515968322754
95.2217025756836, -3.198082208633423, -9.32511043548584
91.9495620727539, -2.832775592803955, -7.624598979949951
93.12278747558594, -2.915123701095581, -10.17005729675293
91.80728149414062, -2.7486255168914795, -10.516596794128418
90.36116790771484, -2.634068489074707, -8.361908912658691
90.49153137207031, -2.582127571105957, -10.863136291503906
88.77304077148438, -2.4353790283203125, -9.0992431640625
89.176025390625, -2.4156088829040527, -11.209674835205078
87.41289520263672, -2.2250728607177734, -11.579139709472656
87.00051879882812, -2.278454303741455, -9.229523658752441
85.22801208496094, -2.121530294418335, -9.359806060791016
83.529296875, -1.9766426086425781, -9.497113227844238
81.83084106445312, -1.8317550420761108, -9.634420394897461
82.03119659423828, -1.7007851600646973, -12.62208080291748
80.70808410644531, -1.6269731521606445, -12.797861099243164
80.04412078857422, -1.7058252096176147, -9.765389442443848
78.3266372680664, -1.5388933420181274, -11.499555587768555
79.38471984863281, -1.553164005279541, -12.973641395568848
78.20440673828125, -1.4802547693252563, -13.23095703125
76.79531860351562, -1.5345032215118408, -10.384613990783691
75.33322143554688, -1.489111304283142, -10.872822761535645
75.38294219970703, -1.3487352132797241, -13.768088340759277
74.14859008789062, -1.4617842435836792, -11.278936386108398
72.9642105102539, -1.4344546794891357, -11.685049057006836
71.49806213378906, -1.3367620706558228, -11.970467567443848
70.87239837646484, -1.216809630393982, -13.137651443481445
70.03217315673828, -1.2390697002410889, -12.255885124206543
69.16100311279297, -1.2231075763702393, -11.46605396270752
70.39559936523438, -1.3480204343795776, -8.537079811096191
69.03445434570312, -1.2597014904022217, -8.83104419708252
67.79579162597656, -1.14798903465271, -10.06975269317627
67.67355346679688, -1.1713799238204956, -9.124983787536621
67.34030151367188, -1.1398811340332031, -8.198148727416992
68.138427734375, -1.323602557182312, -5.922540664672852
69.70830535888672, -1.306983232498169, -5.490152835845947
71.75650024414062, -1.4363418817520142, -8.24314022064209
73.13870239257812, -1.4638972282409668, -7.927642822265625
74.52115631103516, -1.4914498329162598, -7.612145900726318
72.98145294189453, -1.2892506122589111, -4.658041954040527
71.27818298339844, -1.2903615236282349, -5.057765007019043
74.68473815917969, -1.2881399393081665, -4.258294105529785
76.28352355957031, -1.487541675567627, -7.182167053222656
78.34135437011719, -1.5579068660736084, -8.562871932983398
78.25765991210938, -1.5798977613449097, -9.896381378173828
81.59446716308594, -1.810819149017334, -7.856655597686768
81.83794403076172, -1.8361197710037231, -7.829164028167725
85.54248809814453, -2.202362298965454, -7.276588439941406
86.89881896972656, -2.334224224090576, -6.937987327575684
88.26276397705078, -2.4717297554016113, -6.52479887008667
89.639892578125, -2.663640022277832, -5.902808666229248
90.69036102294922, -2.8190805912017822, -5.318987846374512
92.23766326904297, -3.0597352981567383, -4.234174728393555
95.58309936523438, -3.6091413497924805, -3.011169672012329
97.46974182128906, -4.229762077331543, -0.10695226490497589
94.80754852294922, -3.6282384395599365, -1.824723482131958
96.04924011230469, -4.202777862548828, 1.1941474676132202
95.37767028808594, -4.0835280418396, 1.1280733346939087
93.77913665771484, -4.217258453369141, 3.0771589279174805
78.425048828125, -1.5359162092208862, -7.229365348815918
78.04589080810547, -1.4836310148239136, -6.752163887023926
87.00458526611328, -2.325563907623291, -3.1400556564331055
86.849365234375, -2.3550057411193848, -2.183851480484009
90.4758071899414, -2.82354474067688, -2.9374682903289795
88.35609436035156, -2.4390666484832764, -4.127707481384277
90.20367431640625, -3.210890531539917, 0.3298613131046295
86.59423065185547, -2.548778533935547, -0.45477473735809326
89.43877410888672, -3.236581563949585, 1.083604335784912
88.48112487792969, -3.2220242023468018, 2.047513246536255
86.1572494506836, -2.6470541954040527, 0.5862454771995544
85.43546295166016, -2.706552267074585, 1.6824551820755005
84.26934814453125, -2.661611557006836, 2.690042018890381
86.87879180908203, -3.5444440841674805, 5.197811126708984
83.61730194091797, -2.64974308013916, 3.412336587905884
85.7375259399414, -3.5333361625671387, 6.231975555419922
84.4339370727539, -3.2551207542419434, 6.35122537612915
66.76561737060547, -0.35564181208610535, 3.595167398452759
67.968505859375, -0.7858031392097473, 5.350334644317627
66.30302429199219, -0.5265072584152222, 5.12426233291626
65.4561996459961, -0.2115497589111328, 3.4854533672332764
64.80669403076172, -0.4636513888835907, 4.674348831176758
64.14704132080078, -0.06745700538158417, 3.375739574432373
63.310367584228516, -0.40079545974731445, 4.224461555480957
62.39152145385742, 0.04023498669266701, 2.9054877758026123
61.495750427246094, -0.34520813822746277, 3.705033302307129
60.63600158691406, 0.1479266881942749, 2.4352352619171143
59.681392669677734, -0.28961822390556335, 3.1856305599212646
59.316951751708984, 0.12913134694099426, 2.090569496154785
58.25937271118164, -0.2694050669670105, 2.7528369426727295
56.83735656738281, -0.24919071793556213, 2.3200173377990723
56.67910385131836, 0.09154113382101059, 1.4012397527694702
55.41533660888672, -0.2289765179157257, 1.8872084617614746
55.323272705078125, 0.009106799028813839, 1.1946955919265747
54.013607025146484, -0.1923692375421524, 1.3344072103500366
50.928131103515625, -0.2581190764904022, 0.5251424312591553
72.7301254272461, -1.4834723472595215, 6.515769958496094
71.18206024169922, -1.2642858028411865, 6.046075820922852
73.98272705078125, -1.3521226644515991, 5.519571304321289
74.31471252441406, -1.6494200229644775, 6.69908332824707
75.99795532226562, -1.8998569250106812, 7.04257869720459
76.09762573242188, -1.6070917844772339, 5.771944046020508
76.96067810058594, -2.0687642097473145, 7.220058441162109
76.99110412597656, -1.6480756998062134, 5.230045318603516
78.01697540283203, -2.1092514991760254, 7.0273871421813965
78.54525756835938, -2.1061649322509766, 6.369003772735596
77.64315032958984, -1.6070915460586548, 4.232120513916016
79.44737243652344, -2.1008970737457275, 5.245034217834473
80.34972381591797, -2.0956270694732666, 4.121062755584717
78.0126724243164, -1.361118197441101, 2.6783249378204346
81.3228530883789, -2.1091394424438477, 3.0313565731048584
82.29621887207031, -2.122652053833008, 1.9416393041610718
79.93278503417969, -1.3616657257080078, -0.38296616077423096
82.97616577148438, -2.0871102809906006, 0.9663024544715881
80.69591522216797, -1.3934613466262817, -1.301028847694397
83.6561050415039, -2.0515685081481934, -0.00903543084859848
81.45903778076172, -1.4252567291259766, -2.2190911769866943
84.24728393554688, -2.0399608612060547, -0.998925507068634
84.83845520019531, -2.0283524990081787, -1.9888142347335815
82.4189682006836, -1.5356881618499756, -4.050278663635254
85.2906494140625, -2.013124942779541, -3.530546188354492
85.2977523803711, -2.032747268676758, -4.5603485107421875
87.496337890625, -2.350039482116699, -3.566178798675537
85.30510711669922, -2.0523693561553955, -5.590127468109131
88.47960662841797, -2.483928680419922, -5.469178676605225
88.58916473388672, -2.508212089538574, -6.486629962921143
89.58612823486328, -2.663411855697632, -3.907113552093506
90.81996154785156, -2.9347548484802246, -2.338439702987671
93.81946563720703, -3.3776166439056396, -3.0474612712860107
90.93763732910156, -3.038787603378296, -1.6476365327835083
94.57295227050781, -3.568765878677368, -2.114980697631836
90.76898193359375, -3.159330368041992, -0.6398832201957703
95.20699310302734, -3.7874834537506104, -0.9468812346458435
95.38680267333984, -3.9297866821289062, -0.03329894319176674
95.28611755371094, -4.132805347442627, 1.4015616178512573
95.05912780761719, -4.2207841873168945, 1.9352855682373047
92.49939727783203, -4.213708400726318, 4.219008445739746
91.21965789794922, -4.21015739440918, 5.360884666442871
87.5721664428711, -3.354055643081665, 3.6690707206726074
89.9399185180664, -4.206607341766357, 6.502734184265137
89.33099365234375, -4.197757244110107, 7.039458751678467
87.92444610595703, -4.173308372497559, 8.334543228149414
85.2290267944336, -3.8867242336273193, 9.290214538574219
83.93989562988281, -3.6245880126953125, 8.950800895690918
82.45650482177734, -3.2868998050689697, 8.611870765686035
82.19807434082031, -2.7964844703674316, 6.491930961608887
83.05300903320312, -2.863464117050171, 5.801261901855469
83.56961822509766, -2.9335126876831055, 5.555382251739502
83.5450210571289, -2.8987927436828613, 5.378714084625244
83.352783203125, -2.730722188949585, 4.284390926361084
81.34339141845703, -2.7295048236846924, 7.1825737953186035
79.64265441894531, -2.6274757385253906, 7.87098503112793
78.31193542480469, -2.30576229095459, 7.469057559967041
79.72811889648438, -2.6408920288085938, 7.9259185791015625
80.97311401367188, -2.949211359024048, 8.27291488647461
86.51789093017578, -4.148860454559326, 9.629627227783203
84.74563598632812, -2.061436414718628, -6.602658271789551
84.1861572265625, -2.070502996444702, -7.615164279937744
83.01217651367188, -1.9533125162124634, -7.722164154052734
82.09181213378906, -1.5859391689300537, -5.931873321533203
82.50545501708984, -1.5356882810592651, -4.933797836303711
69.63399505615234, -1.0450987815856934, 5.576406955718994
69.6416015625, -0.8296908736228943, 4.394129753112793
89.34797668457031, -2.2636096477508545, -11.917335510253906
90.14205169677734, -2.373807907104492, -11.670036315917969
91.16386413574219, -2.4918508529663086, -11.4889554977417
92.1854248046875, -2.609898328781128, -11.30787467956543
93.46338653564453, -2.7432239055633545, -11.123674392700195
94.1722412109375, -3.0566163063049316, -9.74758529663086
94.74160766601562, -2.8765742778778076, -10.939474105834961
96.21028900146484, -3.0806074142456055, -10.509037971496582
97.67897033691406, -3.284640312194824, -10.078627586364746
99.14740753173828, -3.488698720932007, -9.648191452026367
100.63180541992188, -3.658747434616089, -9.290924072265625
102.11595916748047, -3.8288211822509766, -8.933631896972656
102.03936767578125, -4.176680564880371, -5.617290019989014
104.14081573486328, -4.3536272048950195, -6.32627010345459
104.0236587524414, -4.070059299468994, -8.649608612060547
105.26661682128906, -4.394027233123779, -7.417598724365234
104.98713684082031, -4.23922061920166, -8.373701095581055
105.95062255859375, -4.408382415771484, -8.097793579101562
87.40655517578125, -1.9781359434127808, -12.035037994384766
85.64976501464844, -2.0345373153686523, -11.94860553741455
67.62004089355469, -0.1607617735862732, 1.6243799924850464
66.47370147705078, 0.08805420249700546, 1.2735345363616943
67.22237396240234, -0.328220933675766, 2.4408907890319824
65.51883697509766, -0.04952682554721832, 1.9417585134506226
65.10697174072266, 0.13180074095726013, 0.887801468372345
63.62763977050781, 0.07315704971551895, 1.8297065496444702
63.739990234375, 0.17554733157157898, 0.5020710825920105
62.76788330078125, 0.08805418759584427, 1.5682628154754639
61.19826126098633, 0.15947012603282928, 1.0690802335739136
59.752403259277344, 0.23088641464710236, -0.6941184401512146
57.99815368652344, 0.11033623665571213, 1.7459044456481934
58.182525634765625, 0.3023012578487396, -1.193303108215332
56.826194763183594, 0.22859278321266174, -1.3336894512176514
55.3455924987793, 0.15488310158252716, -0.20995932817459106
53.70115280151367, -0.05458277836441994, -2.3559646606445312
53.96744918823242, -0.07332748174667358, 0.9881491661071777
52.61162567138672, -0.1557619422674179, 0.7816053628921509
51.89947509765625, -0.2640482783317566, -2.9013283252716064
49.24488830566406, -0.360478013753891, 0.26867949962615967
50.08156204223633, -0.47351378202438354, -3.2808117866516113
47.56139373779297, -0.46283432841300964, 0.012215015478432178
46.537803649902344, -0.6488302946090698, -1.7528917789459229
47.85761642456055, -0.8161067962646484, -4.770164489746094
49.973777770996094, -0.6829817295074463, -4.903744697570801
45.877899169921875, -0.565193235874176, -0.24424861371517181
68.39990997314453, -0.538188636302948, 2.9304685592651367
68.76663208007812, -0.409577876329422, 1.975225567817688
69.52519989013672, -0.6825158596038818, 3.2075679302215576
70.42273712158203, -0.6132383346557617, 2.314270257949829
70.65074157714844, -0.8268427848815918, 3.4846928119659424
72.15695190429688, -0.8200992345809937, 2.79795503616333
72.17876434326172, -0.7040959596633911, 2.729656219482422
73.93479919433594, -0.7949534058570862, 3.145052194595337
72.37303161621094, -1.0244823694229126, 3.9657745361328125
71.10445404052734, -1.0849109888076782, 4.843408584594727
68.17875671386719, -0.5744732618331909, 3.9448766708374023
72.1544189453125, -1.1633012294769287, 5.0903544425964355
73.20413208007812, -1.2416887283325195, 5.337273120880127
73.83943939208984, -1.1631892919540405, 4.464102268218994
73.99819946289062, -1.0001201629638672, 3.2690188884735107
74.64517211914062, -1.0515810251235962, 3.6554009914398193
75.06566619873047, -0.9654510021209717, 3.3453569412231445
74.4940185546875, -1.205322265625, 4.897378444671631
75.10396575927734, -1.507446527481079, 5.866719722747803
75.137939453125, -0.988476574420929, 3.067420721054077
75.549560546875, -0.9031732678413391, 1.7298328876495361
75.96092224121094, -0.8178697228431702, 0.3922431170940399
78.9028549194336, -1.3611178398132324, 1.2654391527175903
76.37254333496094, -0.7325637936592102, -0.9453465342521667
76.93099975585938, -0.7428705096244812, -2.7356669902801514
76.92770385742188, -1.0228662490844727, -3.6943304538726807
81.93913269042969, -1.4804712533950806, -3.134679079055786
76.90132904052734, -1.4070773124694824, -5.108158588409424
79.11893463134766, -1.5727663040161133, -7.538420677185059
81.53816986083984, -1.649436593055725, -7.154041767120361
80.23889923095703, -1.6698625087738037, -8.009713172912598
76.38800811767578, -1.2870265245437622, -3.858571767807007
67.1521224975586, -0.7019745707511902, -10.596129417419434
66.86959075927734, 1.2003698348999023, -10.536758422851562
66.96038818359375, 0.9583908915519714, -10.509089469909668
66.70931243896484, 1.3046842813491821, -10.871352195739746
67.54141998291016, 0.6874797940254211, -11.724207878112793
66.13182830810547, 1.2559500932693481, -11.956189155578613
66.51580047607422, 0.9069022536277771, -13.014825820922852
67.31671905517578, 0.6268457174301147, -13.393346786499023
68.37352752685547, 0.07027848809957504, -12.57706356048584
69.20564270019531, -0.5469242334365845, -13.429943084716797
67.61090850830078, 0.5910987854003906, -14.722541809082031
69.33219146728516, -0.7945817112922668, -13.744173049926758
70.16658782958984, -0.7294126749038696, -14.442119598388672
67.90510559082031, 0.555351734161377, -16.051761627197266
70.63044738769531, -0.5739543437957764, -15.184906959533691
70.23480987548828, 0.20894096791744232, -16.619098663330078
71.0400390625, -0.2799132764339447, -16.230737686157227
68.95709991455078, 0.4494474232196808, -17.511720657348633
68.68598175048828, 0.5745988488197327, -17.800867080688477
68.20589447021484, 0.3965764343738556, -17.272790908813477
67.92640686035156, 0.5745988488197327, -17.87535285949707
66.5934066772461, 0.7939756512641907, -16.49934196472168
66.63220977783203, 0.7375134825706482, -18.24162483215332
66.71894836425781, 0.5700464844703674, -18.956283569335938
64.34333801269531, 0.7724337577819824, -18.00396156311035
64.51325988769531, 0.772433876991272, -19.735671997070312
64.62916564941406, 0.5398539900779724, -21.337175369262695
63.14323425292969, 0.666273295879364, -20.068973541259766
61.7732048034668, 0.5601125359535217, -20.40224838256836
61.57640075683594, 0.3817833662033081, -20.609046936035156
61.6063232421875, 0.07563720643520355, -22.408519744873047
60.96696472167969, 0.2775805592536926, -20.698165893554688
61.2170295715332, 0.009316536597907543, -22.47600555419922
59.9266357421875, -0.06569937616586685, -21.14711570739746
58.593387603759766, -0.2446456402540207, -21.303722381591797
58.568023681640625, -0.4167049825191498, -22.23250961303711
57.425235748291016, -0.5408672094345093, -22.206008911132812
57.26038360595703, -0.423593133687973, -21.460355758666992
56.28244400024414, -0.6650294661521912, -22.179479598999023
55.58525848388672, -0.8332344889640808, -21.88673210144043
56.98546600341797, -0.6141645908355713, -20.14835548400879
56.710548400878906, -0.8047359585762024, -18.83635139465332
56.322265625, -0.9953097105026245, -17.535459518432617
53.604530334472656, -1.1554573774337769, -17.679716110229492
54.87437438964844, -0.9926899671554565, -16.257545471191406
54.4959831237793, -0.990073025226593, -14.874786376953125
51.024757385253906, -1.1154470443725586, -16.548566818237305
54.11784744262695, -0.9874556064605713, -13.492002487182617
50.060516357421875, -1.1455029249191284, -16.004411697387695
50.02906799316406, -1.0486326217651367, -12.381120681762695
49.09627151489258, -1.1755613088607788, -15.460281372070312
47.127967834472656, -1.2250549793243408, -14.454167366027832
45.7379035949707, -1.2496910095214844, -13.502020835876465
49.77595901489258, -0.9544708132743835, -10.749312400817871
52.017913818359375, -0.9689269065856934, -9.019227027893066
44.31385803222656, -1.3221617937088013, -9.388768196105957
44.4536018371582, -1.289453387260437, -8.434999465942383
49.515750885009766, -0.9833831787109375, -7.754297733306885
45.76453399658203, -1.2307846546173096, -6.566619396209717
46.712799072265625, -1.0024904012680054, -6.090940475463867
46.355201721191406, -1.1226125955581665, -6.1753435134887695
46.5028076171875, -0.892447292804718, -4.619669437408447
50.0643196105957, -0.8161067962646484, -4.921725749969482
48.8558464050293, -0.8997460007667542, -6.245671272277832
53.89897537231445, -0.9848358631134033, -12.093597412109375
56.435630798339844, -0.9953097105026245, -17.524349212646484
60.372745513916016, 0.18677210807800293, -20.673084259033203
65.7823486328125, 0.8523956537246704, -16.178340911865234
64.17367553710938, 0.7724336385726929, -16.272253036499023
66.55460357666016, 0.8504400849342346, -14.757083892822266
67.39128112792969, 0.9323553442955017, -16.084453582763672
71.98348236083984, 0.09978386759757996, -16.34392738342285
73.63755798339844, 0.22501415014266968, -18.111215591430664
72.8138198852539, -0.3929316997528076, -15.870072364807129
71.9124755859375, -0.48403775691986084, -15.549199104309082
71.07173919677734, -0.5163964033126831, -15.356832504272461
70.4912109375, -0.6253342628479004, -14.425558090209961
70.68472290039062, -1.008292555809021, -14.11166000366211
71.19144439697266, -1.1100504398345947, -14.014955520629883
71.90816497802734, -0.6840866804122925, -14.459518432617188
72.55183410644531, -0.5793207883834839, -15.316659927368164
73.68574523925781, -0.6137720346450806, -15.198803901672363
73.73241424560547, -0.009373316541314125, -16.068754196166992
74.58760070800781, -0.505947470664978, -15.509382247924805
75.04588317871094, -0.1631237268447876, -15.797639846801758
75.50872802734375, 0.0776454508304596, -17.767642974853516
76.35961151123047, -0.3168752193450928, -15.526500701904297
77.37989807128906, -0.06972330808639526, -17.424070358276367
77.67333221435547, -0.47062405943870544, -15.255386352539062
79.06669616699219, -0.24338023364543915, -17.06122398376465
79.23914337158203, -0.6144440770149231, -15.003317832946777
80.75348663330078, -0.41703763604164124, -16.69837760925293
80.80496215820312, -0.758263885974884, -14.751251220703125
82.37129211425781, -0.9698141813278198, -14.15573787689209
82.65711212158203, -0.9269837141036987, -14.261621475219727
84.2802505493164, -1.1036872863769531, -13.88720989227295
85.59929656982422, -1.2099744081497192, -15.487190246582031
86.58053588867188, -1.4033359289169312, -14.894493103027344
85.86991119384766, -1.5895627737045288, -12.678281784057617
84.26985168457031, -1.141240119934082, -13.754594802856445
83.02942657470703, -1.25275719165802, -13.327254295349121
81.66979217529297, -1.1312121152877808, -13.663724899291992
80.31041717529297, -1.0096646547317505, -14.00022029876709
80.3961410522461, -0.8780817985534668, -14.460480690002441
79.15367889404297, -0.9121624827384949, -14.224898338317871
78.42098236083984, -0.7863491773605347, -14.765199661254883
77.99694061279297, -0.8146576881408691, -14.449575424194336
76.4083023071289, -0.7314390540122986, -14.765250205993652
76.50442504882812, -0.6461484432220459, -15.137303352355957
74.81965637207031, -0.648220419883728, -15.080924034118652
73.74179077148438, -1.290124773979187, -14.047926902770996
73.3248519897461, -0.742836594581604, -14.493476867675781
72.46662139892578, -1.2000887393951416, -14.031440734863281
71.71287536621094, -1.1945523023605347, -14.019394874572754
69.41741180419922, -0.9380818605422974, -13.3941068649292
69.83942413330078, -1.1032333374023438, -12.669734954833984
70.16024780273438, -1.2229701280593872, -12.620964050292969
69.72200012207031, -1.0855258703231812, -12.360248565673828
68.30657958984375, -0.8661973476409912, -11.892836570739746
68.1052017211914, -0.7791494131088257, -11.900520324707031
68.28983306884766, -1.2071421146392822, -10.67619514465332
68.70500946044922, -1.0782500505447388, -11.42063045501709
67.71565246582031, -1.0857596397399902, -10.128057479858398
67.61724853515625, -0.7808588743209839, -10.03607177734375
66.64134216308594, 0.9378682971000671, -9.194195747375488
66.5606918334961, 1.2104610204696655, -9.216995239257812
66.83256530761719, -0.6406861543655396, -8.666499137878418
67.12904357910156, -0.7825708985328674, -8.171646118164062
66.32254791259766, 0.9173455238342285, -7.879303932189941
66.25179290771484, 1.2205524444580078, -7.897234916687012
66.51326751708984, -0.579395055770874, -6.736845970153809
66.88481140136719, -1.1317706108093262, -6.326573848724365
66.64108276367188, -0.7842804789543152, -6.3071980476379395
66.00375366210938, 0.8968230485916138, -6.564413547515869
65.94288635253906, 1.23064386844635, -6.577474117279053
74.91551971435547, -0.8087384700775146, -14.188150405883789
76.50594329833984, -0.8746376633644104, -13.88282299041748
77.02407836914062, -1.4073455333709717, -13.488249778747559
78.09635925292969, -0.9405369162559509, -13.577496528625488
79.3210678100586, -1.0607985258102417, -13.330855369567871
80.54576873779297, -1.1810600757598877, -13.08421516418457
78.3958740234375, -1.4978911876678467, -13.102755546569824
81.86939239501953, -1.2969622611999512, -12.822563171386719
83.19300842285156, -1.412861704826355, -12.560934066772461
84.03754425048828, -1.5344370603561401, -12.516855239868164
84.3887939453125, -1.3743047714233398, -12.990758895874023
85.3814468383789, -1.7938772439956665, -12.190606117248535
83.9023666381836, -1.8008188009262085, -12.232096672058105
85.66270446777344, -1.8901214599609375, -12.145564079284668
87.56177520751953, -1.5966944694519043, -14.30179500579834
88.07991027832031, -2.0196449756622314, -12.007343292236328
88.93534851074219, -2.131004571914673, -12.0946626663208
89.11109924316406, -2.1967263221740723, -11.838689804077148
66.69763946533203, 1.3046842813491821, -10.752432823181152
44.20252227783203, -1.6837061643600464, -23.648113250732422
42.64558029174805, -3.4086058139801025, -26.98004722595215
45.49544906616211, -1.5952072143554688, -23.585647583007812
42.26185989379883, -1.7996994256973267, -22.02680206298828
41.427467346191406, -1.7899456024169922, -20.389541625976562
48.11199188232422, -1.2003068923950195, -14.957237243652344
53.85763931274414, -1.127313494682312, -18.743122100830078
54.324031829833984, -1.042923092842102, -19.801410675048828
54.790428161621094, -0.9585328102111816, -20.85969352722168
51.375, -1.4754756689071655, -24.24616050720215
55.68924331665039, -0.9027221202850342, -23.99234390258789
57.032386779785156, -0.6557292938232422, -23.202360153198242
59.775482177734375, -0.2362179011106491, -22.72591781616211
59.892398834228516, -0.20369413495063782, -22.354270935058594
52.86245346069336, -1.1689902544021606, -17.00763702392578
41.08940124511719, -1.7959054708480835, -19.22557258605957
40.75132751464844, -1.8018629550933838, -18.061582565307617
40.34554672241211, -1.7889842987060547, -17.032211303710938
44.964630126953125, -1.2745376825332642, -12.39334487915039
39.45510482788086, -1.771518349647522, -14.005699157714844
39.315616607666016, -1.7336461544036865, -12.214343070983887
44.43483352661133, -1.277703046798706, -11.1600923538208
39.77973175048828, -1.6543078422546387, -10.23873519897461
39.59307098388672, -1.6687086820602417, -8.607888221740723
39.97577667236328, -1.4404327869415283, -5.768647193908691
40.64582824707031, -1.2923905849456787, -5.016857147216797
44.99481201171875, -1.2527046203613281, -7.374940395355225
42.731300354003906, -1.0777915716171265, -3.3549938201904297
46.294334411621094, -0.783362627029419, -3.161181926727295
47.19771194458008, -0.7324697971343994, -3.2615368366241455
25.354097366333008, -11.027247428894043, -22.566572189331055
23.79302406311035, -11.821187973022461, -22.98488426208496
24.261474609375, -11.118497848510742, -20.97904396057129
24.047195434570312, -12.002826690673828, -24.009613037109375
26.446697235107422, -10.93602180480957, -24.154098510742188
24.557165145874023, -12.201254844665527, -25.121612548828125
25.24146842956543, -12.138790130615234, -26.6153507232666
27.29250144958496, -10.897472381591797, -25.64654541015625
25.936676025390625, -12.07257080078125, -27.503509521484375
28.138559341430664, -10.858922004699707, -27.139066696166992
26.631580352783203, -12.006352424621582, -28.39167022705078
28.984365463256836, -10.820347785949707, -28.631587982177734
27.4390926361084, -12.203740119934082, -29.4910888671875
29.474855422973633, -10.6791353225708, -29.60166358947754
28.29529571533203, -12.33592414855957, -30.566162109375
29.346019744873047, -11.339953422546387, -30.844125747680664
29.96560287475586, -10.537948608398438, -30.571741104125977
30.901945114135742, -9.456405639648438, -30.190811157226562
30.19309425354004, -10.243475914001465, -30.471818923950195
31.155052185058594, -8.706644058227539, -28.26283073425293
31.840574264526367, -8.60788631439209, -29.82662010192871
32.2983512878418, -8.194292068481445, -29.649089813232422
32.99198532104492, -7.40372371673584, -27.91918182373047
35.62044906616211, -6.18371057510376, -28.650354385375977
36.493896484375, -5.685180187225342, -28.420835494995117
34.96637725830078, -6.3812255859375, -27.21058464050293
32.706668853759766, -7.4253058433532715, -26.469268798828125
30.469280242919922, -8.805377006530762, -26.69904136657715
29.783504486083984, -8.904109001159668, -25.135358810424805
29.05918312072754, -8.89804744720459, -23.649328231811523
28.334604263305664, -8.891960144042969, -22.16332244873047
28.48068618774414, -8.890134811401367, -20.7072696685791
29.39674186706543, -7.805576801300049, -21.1359806060791
30.127155303955078, -7.7189412117004395, -22.07400131225586
30.857816696166992, -7.6323065757751465, -23.012020111083984
31.63945960998535, -7.539610385894775, -24.01572608947754
32.42135238647461, -7.4469146728515625, -25.01945686340332
34.31205368041992, -6.578765869140625, -25.77056312561035
36.427703857421875, -5.530297756195068, -25.983596801757812
36.89765548706055, -5.358473300933838, -27.087583541870117
37.367347717285156, -5.18667459487915, -28.191566467285156
37.6508903503418, -5.024868965148926, -28.11700439453125
38.258296966552734, -4.728695869445801, -27.94074058532715
39.44977951049805, -3.835033655166626, -26.86440086364746
41.16193389892578, -3.706578016281128, -27.259531021118164
38.79874801635742, -3.8401567935943604, -25.136070251464844
35.97956848144531, -5.576328277587891, -25.016340255737305
35.53168487548828, -5.622359275817871, -24.049179077148438
33.6577262878418, -6.776280403137207, -24.330766677856445
32.919960021972656, -6.607753753662109, -23.32132911682129
32.181941986083984, -6.439253330230713, -22.311891555786133
31.810903549194336, -6.362306118011475, -21.141408920288086
31.439865112304688, -6.285360336303711, -19.97092628479004
31.16722869873047, -6.0943379402160645, -19.2338924407959
32.23139572143555, -5.49058198928833, -18.816112518310547
34.0302848815918, -4.910819053649902, -19.364961624145508
34.777687072753906, -4.947515964508057, -20.334129333496094
35.154815673828125, -5.2849507331848145, -22.191654205322266
37.496944427490234, -3.850428342819214, -21.67937660217285
38.14772033691406, -3.8453049659729004, -23.40773582458496
43.162445068359375, -1.7732398509979248, -23.186431884765625
37.03029251098633, -3.861309766769409, -20.094741821289062
36.56364059448242, -3.8721892833709717, -18.510101318359375
36.09699249267578, -3.8830695152282715, -16.925464630126953
33.28288269042969, -4.874121189117432, -18.395822525024414
32.12741470336914, -5.304251670837402, -17.126480102539062
31.831953048706055, -5.517491340637207, -17.325468063354492
31.34627914428711, -5.611379146575928, -16.40727996826172
31.870756149291992, -5.5781049728393555, -16.20073699951172
30.860353469848633, -5.705241680145264, -15.489067077636719
31.38406753540039, -5.6520843505859375, -15.099286079406738
30.308740615844727, -5.756852626800537, -14.368064880371094
30.79238510131836, -5.621523857116699, -13.594337463378906
29.75712776184082, -5.808463096618652, -13.247062683105469
28.324459075927734, -5.876888751983643, -12.71393871307373
29.216930389404297, -5.876888751983643, -12.62641716003418
28.477388381958008, -5.993449687957764, -11.854565620422363
27.539268493652344, -5.993678092956543, -10.827831268310547
29.608003616333008, -5.539834499359131, -10.84325122833252
30.08353042602539, -5.677014350891113, -12.107597351074219
31.045238494873047, -4.584390163421631, -12.00947380065918
31.628807067871094, -4.564938068389893, -12.932276725769043
32.23545455932617, -4.67954683303833, -14.625913619995117
32.8238410949707, -4.706074237823486, -15.972658157348633
32.970428466796875, -4.627657413482666, -17.000839233398438
33.91844177246094, -4.623472690582275, -16.39264488220215
35.630340576171875, -3.893949508666992, -15.340828895568848
33.47233581542969, -4.594433784484863, -15.361674308776855
33.026222229003906, -4.565369129180908, -14.330680847167969
32.79720687866211, -4.508077621459961, -13.156774520874023
31.700578689575195, -4.475818157196045, -12.0763521194458
32.14973068237305, -4.3653435707092285, -11.613606452941895
33.13882827758789, -4.401077747344971, -12.880132675170898
33.643775939941406, -4.118144989013672, -12.591316223144531
34.99047088623047, -3.8431248664855957, -13.253020286560059
35.3105354309082, -3.868537425994873, -14.296924591064453
39.69756317138672, -1.7738136053085327, -15.004281997680664
39.94001770019531, -1.776108980178833, -16.002840042114258
39.21975326538086, -1.7688099145889282, -13.164891242980957
34.49034118652344, -3.728186845779419, -12.025856971740723
32.56084060668945, -3.516242504119873, -3.5161659717559814
30.18573760986328, -4.683477878570557, -9.960671424865723
30.555255889892578, -4.619541168212891, -10.948070526123047
29.156063079833984, -5.500321388244629, -9.808579444885254
28.475107192993164, -5.443840980529785, -9.234545707702637
27.82154083251953, -5.493118762969971, -9.226911544799805
27.08808708190918, -5.833089351654053, -9.401829719543457
26.847152709960938, -5.917187690734863, -9.626152038574219
24.941822052001953, -6.585995674133301, -8.876593589782715
25.470531463623047, -6.398447036743164, -8.914837837219238
24.5418701171875, -5.791954517364502, -5.891624450683594
23.2829532623291, -6.952519416809082, -8.487573623657227
23.461498260498047, -6.356627464294434, -6.177879810333252
22.41249656677246, -7.165834903717041, -7.29449462890625
22.43303871154785, -7.152520656585693, -6.272885322570801
21.40455436706543, -7.948440074920654, -6.367888927459717
27.288949966430664, -4.8713579177856445, -5.021294593811035
25.622194290161133, -5.227306365966797, -5.6053948402404785
27.913095474243164, -5.305595874786377, -8.66964340209961
26.85679054260254, -5.82144832611084, -9.101093292236328
27.39597511291504, -5.614295959472656, -9.007762908935547
28.623218536376953, -4.9927873611450195, -8.448872566223145
29.259031295776367, -4.807267189025879, -8.899190902709961
31.045745849609375, -3.9912118911743164, -3.8839330673217773
30.000600814819336, -4.253322601318359, -4.160551071166992
28.95545196533203, -4.515408515930176, -4.437193393707275
26.442384719848633, -6.088073253631592, -9.294905662536621
38.42111587524414, -1.598417043685913, -7.088481903076172
39.279605865478516, -1.6545037031173706, -8.289196968078613
39.48908996582031, -1.7033342123031616, -11.16014289855957
39.84085464477539, -1.652370810508728, -9.369772911071777
39.30572509765625, -1.5884753465652466, -6.520410537719727
36.3729248046875, -2.451197624206543, -2.5987911224365234
35.10231399536133, -2.8061976432800293, -2.904599905014038
33.831451416015625, -3.161207437515259, -3.210383415222168
37.88751220703125, -1.9727628231048584, -2.1892917156219482
39.40184783935547, -1.4943286180496216, -1.7797900438308716
41.667640686035156, -1.1205662488937378, -3.845763683319092
41.01052474975586, -1.2881630659103394, -1.4122947454452515
42.61894989013672, -1.0819966793060303, -1.0447992086410522
43.794708251953125, -1.0350168943405151, -2.8642497062683105
44.227630615234375, -0.875828206539154, -0.6773039102554321
44.945106506347656, -0.8990083336830139, -2.0923879146575928
45.4114990234375, -0.7320996522903442, -1.168319582939148
46.086116790771484, -0.6742780208587646, -1.7027190923690796
28.108381271362305, -12.714418411254883, -31.11980438232422
21.093547821044922, -12.045662879943848, -18.86196517944336
22.921627044677734, -11.684083938598633, -21.826244354248047
22.42525291442871, -11.788421630859375, -20.79091453552246
21.928852081298828, -11.892757415771484, -19.75560760498047
22.464740753173828, -11.239699363708496, -18.016008377075195
23.16887664794922, -11.209722518920898, -19.391511917114258
20.35218048095703, -12.010663032531738, -17.457345962524414
21.760604858398438, -11.26967716217041, -16.6405029296875
48.03311538696289, -1.5952073335647583, -23.33679962158203
46.764286041259766, -1.5952072143554688, -23.461223602294922
44.12922668457031, -3.110659599304199, -26.700313568115234
49.229671478271484, -1.5182175636291504, -23.45478057861328
50.213191986083984, -1.730076551437378, -25.12501335144043
50.42597579956055, -1.4412275552749634, -23.572763442993164
51.390724182128906, -1.5743602514266968, -24.898889541625977
51.438655853271484, -1.475475788116455, -24.894197463989258
39.14950180053711, -4.2707438468933105, -27.689918518066406
47.217342376708984, -2.132263660430908, -25.685985565185547
65.6397933959961, 0.5654942989349365, -20.514387130737305
96.69367218017578, -3.0241641998291016, -11.798012733459473
58.50410079956055, -0.4281073212623596, -22.51752471923828
62.52678680419922, 0.33613577485084534, -21.388229370117188
39.452919006347656, -4.181038856506348, -27.865795135498047
54.554039001464844, -1.0838301181793213, -23.626441955566406
51.891578674316406, -1.4365931749343872, -24.373809814453125
70.5468978881836, 0.4588301181793213, -19.136951446533203
61.34855651855469, 0.15705342590808868, -21.71896743774414
102.19581604003906, -3.751993179321289, -10.253705024719238
105.59171295166016, -4.1802897453308105, -9.300551414489746
99.79275512695312, -3.4288275241851807, -10.92817497253418
36.6116943359375, -5.690631866455078, -28.663543701171875
36.199642181396484, -5.922077655792236, -28.779232025146484
100.34220123291016, -3.5122034549713135, -10.773971557617188
94.60733795166016, -2.7344346046447754, -12.383647918701172
32.699459075927734, -8.008811950683594, -29.762083053588867
32.13710021972656, -8.45771598815918, -29.92001724243164
51.401065826416016, -1.4754756689071655, -24.511524200439453
59.284698486328125, -0.3014358878135681, -22.298398971557617
60.66756057739258, -0.02262645587325096, -21.91014289855957
40.01003646850586, -3.9891154766082764, -27.709365844726562
59.89887237548828, -0.1775955855846405, -22.125965118408203
65.08121490478516, 0.5529904961585999, -20.671146392822266
71.85020446777344, 0.3804629147052765, -18.77117156982422
33.56594467163086, -7.292881011962891, -29.518770217895508
56.867191314697266, -0.6577779054641724, -22.97704315185547
66.43954467773438, 0.5681079626083374, -20.289867401123047
58.00737762451172, -0.4844241142272949, -22.656951904296875
64.15382385253906, 0.5802949666976929, -20.93148422241211
70.01004791259766, 0.47443222999572754, -19.287628173828125
62.64451217651367, 0.3965855538845062, -21.355148315429688
57.1528434753418, -0.6205103397369385, -22.896860122680664
47.30284118652344, -2.1285645961761475, -25.661972045898438
61.593711853027344, 0.2046545296907425, -21.650178909301758
53.61581802368164, -1.2509050369262695, -23.8897705078125
48.95900344848633, -1.8635755777359009, -25.197097778320312
55.6558952331543, -0.8804377913475037, -23.31708526611328
35.04982376098633, -6.583465576171875, -29.102113723754883
61.11958694458008, 0.11384882032871246, -21.783248901367188
104.33467102050781, -4.030433177947998, -9.653368949890137
98.23136138916016, -3.224932909011841, -11.366469383239746
50.25311279296875, -1.6758837699890137, -24.833786010742188
94.05821990966797, -2.6524124145507812, -12.537753105163574
55.93592834472656, -0.8038771152496338, -23.238460540771484
67.5792465209961, 0.5629183650016785, -19.969985961914062
51.381526947021484, -1.516510009765625, -24.517024993896484
58.95543670654297, -0.358795702457428, -22.390819549560547
54.8519172668457, -1.0234460830688477, -23.542808532714844
63.127052307128906, 0.4375479817390442, -21.219758987426758
96.12445831298828, -2.9387989044189453, -11.957815170288086
103.61097717285156, -3.9260005950927734, -9.856494903564453
106.83314514160156, -4.441666603088379, -8.952110290527344
37.737613677978516, -5.042592525482178, -28.34743881225586
92.527099609375, -2.446014404296875, -12.967498779296875
106.80778503417969, -4.38327693939209, -8.959209442138672
71.97650909423828, 0.37646570801734924, -18.73567771911621
50.80186462402344, -1.6010736227035522, -24.679710388183594
59.684505462646484, -0.21024802327156067, -22.186140060424805
101.73743438720703, -3.685072660446167, -10.382339477539062
47.40545654296875, -2.124134063720703, -25.633190155029297
49.05414962768555, -1.8507585525512695, -25.170364379882812
39.61002731323242, -4.102137088775635, -27.82169532775879
34.603763580322266, -6.705091953277588, -29.227346420288086
64.59092712402344, 0.6165892481803894, -20.80879020690918
50.07168960571289, -1.69959557056427, -24.88471031188965
104.03924560546875, -3.989088535308838, -9.736274719238281